Edad;Sexo;Poblacion;Fecha
0;1;244479;2022
1;1;259002;2022
2;1;283777;2022
3;1;315104;2022
4;1;335884;2022
5;1;345044;2022
6;1;357600;2022
7;1;373907;2022
8;1;374232;2022
9;1;365645;2022
10;1;364186;2022
11;1;366190;2022
12;1;365837;2022
13;1;365150;2022
14;1;356545;2022
15;1;348623;2022
16;1;353181;2022
17;1;359840;2022
18;1;358432;2022
19;1;354671;2022
20;1;355237;2022
21;1;353826;2022
22;1;353581;2022
23;1;353790;2022
24;1;353441;2022
25;1;353165;2022
26;1;352714;2022
27;1;352284;2022
28;1;352082;2022
29;1;352606;2022
30;1;352249;2022
31;1;349958;2022
32;1;346686;2022
33;1;342469;2022
34;1;337466;2022
35;1;332020;2022
36;1;327058;2022
37;1;321949;2022
38;1;317575;2022
39;1;317056;2022
40;1;320217;2022
41;1;324358;2022
42;1;328445;2022
43;1;330492;2022
44;1;326522;2022
45;1;316456;2022
46;1;304383;2022
47;1;292574;2022
48;1;281083;2022
49;1;271040;2022
50;1;262703;2022
51;1;254781;2022
52;1;246422;2022
53;1;238753;2022
54;1;233143;2022
55;1;229572;2022
56;1;226855;2022
57;1;224300;2022
58;1;221695;2022
59;1;218491;2022
60;1;214605;2022
61;1;210531;2022
62;1;206491;2022
63;1;202417;2022
64;1;198447;2022
65;1;194531;2022
66;1;190419;2022
67;1;185975;2022
68;1;180881;2022
69;1;175311;2022
70;1;169897;2022
71;1;164155;2022
72;1;159271;2022
73;1;154858;2022
74;1;148199;2022
75;1;139973;2022
76;1;131424;2022
77;1;122736;2022
78;1;115056;2022
79;1;108543;2022
80;1;101222;2022
81;1;93739;2022
82;1;87221;2022
83;1;80832;2022
84;1;74665;2022
85;1;68716;2022
86;1;62614;2022
87;1;56194;2022
88;1;51148;2022
89;1;46969;2022
90;1;41330;2022
91;1;35422;2022
92;1;29470;2022
93;1;23238;2022
94;1;17601;2022
95;1;12967;2022
96;1;9307;2022
97;1;6522;2022
98;1;4577;2022
99;1;3135;2022
100;1;5693;2022
0;2;255108;2022
1;2;270736;2022
2;2;295848;2022
3;2;329076;2022
4;2;351021;2022
5;2;362409;2022
6;2;378197;2022
7;2;395345;2022
8;2;396371;2022
9;2;388673;2022
10;2;387860;2022
11;2;388574;2022
12;2;386141;2022
13;2;384323;2022
14;2;378423;2022
15;2;372572;2022
16;2;373357;2022
17;2;375704;2022
18;2;372954;2022
19;2;368565;2022
20;2;368238;2022
21;2;365767;2022
22;2;364956;2022
23;2;364754;2022
24;2;363997;2022
25;2;363315;2022
26;2;362474;2022
27;2;361660;2022
28;2;361090;2022
29;2;361044;2022
30;2;359913;2022
31;2;356843;2022
32;2;352746;2022
33;2;347690;2022
34;2;341849;2022
35;2;335554;2022
36;2;329726;2022
37;2;323698;2022
38;2;318383;2022
39;2;317024;2022
40;2;319494;2022
41;2;322891;2022
42;2;326117;2022
43;2;327275;2022
44;2;322341;2022
45;2;311265;2022
46;2;298206;2022
47;2;285450;2022
48;2;273031;2022
49;2;262053;2022
50;2;252743;2022
51;2;243805;2022
52;2;234399;2022
53;2;225647;2022
54;2;218902;2022
55;2;214141;2022
56;2;210201;2022
57;2;206406;2022
58;2;202545;2022
59;2;198077;2022
60;2;192912;2022
61;2;187507;2022
62;2;182061;2022
63;2;176549;2022
64;2;171099;2022
65;2;165676;2022
66;2;160121;2022
67;2;154555;2022
68;2;148865;2022
69;2;142972;2022
70;2;137271;2022
71;2;131297;2022
72;2;125959;2022
73;2;120614;2022
74;2;112901;2022
75;2;103785;2022
76;2;94457;2022
77;2;85136;2022
78;2;76761;2022
79;2;69624;2022
80;2;62168;2022
81;2;54905;2022
82;2;48897;2022
83;2;43558;2022
84;2;38743;2022
85;2;34138;2022
86;2;29497;2022
87;2;24927;2022
88;2;21715;2022
89;2;19376;2022
90;2;16229;2022
91;2;13241;2022
92;2;10517;2022
93;2;7952;2022
94;2;5961;2022
95;2;4351;2022
96;2;3090;2022
97;2;2107;2022
98;2;1436;2022
99;2;936;2022
100;2;1618;2022
0;1;230491;2023
1;1;244318;2023
2;1;258905;2023
3;1;283715;2023
4;1;315066;2023
5;1;335877;2023
6;1;345060;2023
7;1;357628;2023
8;1;373944;2023
9;1;374272;2023
10;1;365685;2023
11;1;364229;2023
12;1;366248;2023
13;1;365928;2023
14;1;365294;2023
15;1;356756;2023
16;1;348891;2023
17;1;353463;2023
18;1;360073;2023
19;1;358560;2023
20;1;354677;2023
21;1;355114;2023
22;1;353549;2023
23;1;353119;2023
24;1;353128;2023
25;1;352561;2023
26;1;352090;2023
27;1;351520;2023
28;1;351082;2023
29;1;350956;2023
30;1;351583;2023
31;1;351314;2023
32;1;349107;2023
33;1;345895;2023
34;1;341721;2023
35;1;336769;2023
36;1;331381;2023
37;1;326454;2023
38;1;321350;2023
39;1;316959;2023
40;1;316410;2023
41;1;319544;2023
42;1;323660;2023
43;1;327730;2023
44;1;329766;2023
45;1;325787;2023
46;1;315709;2023
47;1;303625;2023
48;1;291801;2023
49;1;280290;2023
50;1;270223;2023
51;1;261857;2023
52;1;253900;2023
53;1;245501;2023
54;1;237784;2023
55;1;232116;2023
56;1;228476;2023
57;1;225672;2023
58;1;223009;2023
59;1;220279;2023
60;1;216934;2023
61;1;212895;2023
62;1;208660;2023
63;1;204453;2023
64;1;200211;2023
65;1;196070;2023
66;1;191982;2023
67;1;187698;2023
68;1;183081;2023
69;1;177810;2023
70;1;172053;2023
71;1;166445;2023
72;1;160508;2023
73;1;155432;2023
74;1;150831;2023
75;1;143974;2023
76;1;135561;2023
77;1;126825;2023
78;1;117953;2023
79;1;110093;2023
80;1;103396;2023
81;1;95891;2023
82;1;88241;2023
83;1;81580;2023
84;1;75071;2023
85;1;68807;2023
86;1;62658;2023
87;1;56486;2023
88;1;50081;2023
89;1;45088;2023
90;1;40903;2023
91;1;35451;2023
92;1;29934;2023
93;1;24457;2023
94;1;18929;2023
95;1;14073;2023
96;1;10177;2023
97;1;7141;2023
98;1;4893;2023
99;1;3358;2023
100;1;6113;2023
0;2;241132;2023
1;2;254897;2023
2;2;270622;2023
3;2;295777;2023
4;2;329036;2023
5;2;351006;2023
6;2;362409;2023
7;2;378210;2023
8;2;395365;2023
9;2;396389;2023
10;2;388678;2023
11;2;387848;2023
12;2;388548;2023
13;2;386110;2023
14;2;384296;2023
15;2;378399;2023
16;2;372531;2023
17;2;373264;2023
18;2;375522;2023
19;2;372658;2023
20;2;368160;2023
21;2;367731;2023
22;2;365143;2023
23;2;364190;2023
24;2;363831;2023
25;2;362904;2023
26;2;362068;2023
27;2;361123;2023
28;2;360278;2023
29;2;359734;2023
30;2;359730;2023
31;2;358643;2023
32;2;355633;2023
33;2;351611;2023
34;2;346636;2023
35;2;340885;2023
36;2;334674;2023
37;2;328897;2023
38;2;322874;2023
39;2;317527;2023
40;2;316119;2023
41;2;318540;2023
42;2;321888;2023
43;2;325073;2023
44;2;326203;2023
45;2;321243;2023
46;2;310141;2023
47;2;297054;2023
48;2;284265;2023
49;2;271801;2023
50;2;260767;2023
51;2;251387;2023
52;2;242365;2023
53;2;232864;2023
54;2;224007;2023
55;2;217150;2023
56;2;212270;2023
57;2;208202;2023
58;2;204261;2023
59;2;200234;2023
60;2;195581;2023
61;2;190208;2023
62;2;184578;2023
63;2;178894;2023
64;2;173136;2023
65;2;167437;2023
66;2;161769;2023
67;2;155979;2023
68;2;150192;2023
69;2;144298;2023
70;2;138220;2023
71;2;132354;2023
72;2;126237;2023
73;2;120782;2023
74;2;115346;2023
75;2;107567;2023
76;2;98407;2023
77;2;89054;2023
78;2;79730;2023
79;2;71381;2023
80;2;64318;2023
81;2;56954;2023
82;2;49831;2023
83;2;44007;2023
84;2;38884;2023
85;2;34299;2023
86;2;29902;2023
87;2;25499;2023
88;2;21225;2023
89;2;18314;2023
90;2;16165;2023
91;2;13313;2023
92;2;10731;2023
93;2;8357;2023
94;2;6219;2023
95;2;4574;2023
96;2;3288;2023
97;2;2282;2023
98;2;1529;2023
99;2;1020;2023
100;2;1730;2023
0;1;221119;2024
1;1;230381;2024
2;1;244258;2024
3;1;258873;2024
4;1;283705;2024
5;1;315079;2024
6;1;335909;2024
7;1;345109;2024
8;1;357686;2024
9;1;374005;2024
10;1;374335;2024
11;1;365751;2024
12;1;364310;2024
13;1;366359;2024
14;1;366088;2024
15;1;365518;2024
16;1;357034;2024
17;1;349186;2024
18;1;353714;2024
19;1;360226;2024
20;1;358598;2024
21;1;354600;2024
22;1;354893;2024
23;1;353158;2024
24;1;352545;2024
25;1;352353;2024
26;1;351606;2024
27;1;351024;2024
28;1;350445;2024
29;1;350075;2024
30;1;350040;2024
31;1;350745;2024
32;1;350548;2024
33;1;348394;2024
34;1;345219;2024
35;1;341090;2024
36;1;336191;2024
37;1;330836;2024
38;1;325915;2024
39;1;320797;2024
40;1;316381;2024
41;1;315809;2024
42;1;318917;2024
43;1;323010;2024
44;1;327059;2024
45;1;329074;2024
46;1;325074;2024
47;1;314980;2024
48;1;302883;2024
49;1;291042;2024
50;1;279512;2024
51;1;269424;2024
52;1;261028;2024
53;1;253036;2024
54;1;244596;2024
55;1;236830;2024
56;1;231101;2024
57;1;227381;2024
58;1;224475;2024
59;1;221698;2024
60;1;218839;2024
61;1;215359;2024
62;1;211177;2024
63;1;206792;2024
64;1;202429;2024
65;1;198024;2024
66;1;193714;2024
67;1;189455;2024
68;1;184997;2024
69;1;180204;2024
70;1;174751;2024
71;1;168812;2024
72;1;163017;2024
73;1;156886;2024
74;1;151620;2024
75;1;146777;2024
76;1;139697;2024
77;1;131102;2024
78;1;122194;2024
79;1;113168;2024
80;1;105158;2024
81;1;98277;2024
82;1;90604;2024
83;1;82871;2024
84;1;76114;2024
85;1;69530;2024
86;1;63102;2024
87;1;56922;2024
88;1;50782;2024
89;1;44510;2024
90;1;39576;2024
91;1;35429;2024
92;1;30281;2024
93;1;25199;2024
94;1;20280;2024
95;1;15451;2024
96;1;11295;2024
97;1;8022;2024
98;1;5519;2024
99;1;3702;2024
100;1;6630;2024
0;2;232005;2024
1;2;240990;2024
2;2;254837;2024
3;2;270599;2024
4;2;295782;2024
5;2;329058;2024
6;2;351041;2024
7;2;362457;2024
8;2;378263;2024
9;2;395413;2024
10;2;396423;2024
11;2;388695;2024
12;2;387850;2024
13;2;388544;2024
14;2;386107;2024
15;2;384295;2024
16;2;378380;2024
17;2;372467;2024
18;2;373116;2024
19;2;375268;2024
20;2;372299;2024
21;2;367715;2024
22;2;367178;2024
23;2;364463;2024
24;2;363370;2024
25;2;362859;2024
26;2;361795;2024
27;2;360868;2024
28;2;359899;2024
29;2;359081;2024
30;2;358577;2024
31;2;358612;2024
32;2;357576;2024
33;2;354629;2024
34;2;350674;2024
35;2;345773;2024
36;2;340093;2024
37;2;333926;2024
38;2;328154;2024
39;2;322105;2024
40;2;316722;2024
41;2;315274;2024
42;2;317649;2024
43;2;320951;2024
44;2;324092;2024
45;2;325173;2024
46;2;320163;2024
47;2;309020;2024
48;2;295898;2024
49;2;283069;2024
50;2;270563;2024
51;2;259479;2024
52;2;250037;2024
53;2;240939;2024
54;2;231351;2024
55;2;222400;2024
56;2;215435;2024
57;2;210430;2024
58;2;206214;2024
59;2;202114;2024
60;2;197911;2024
61;2;193069;2024
62;2;187501;2024
63;2;181671;2024
64;2;175780;2024
65;2;169813;2024
66;2;163905;2024
67;2;158029;2024
68;2;152035;2024
69;2;146053;2024
70;2;139968;2024
71;2;133711;2024
72;2;127678;2024
73;2;121402;2024
74;2;115819;2024
75;2;110229;2024
76;2;102354;2024
77;2;93180;2024
78;2;83853;2024
79;2;74601;2024
80;2;66376;2024
81;2;59415;2024
82;2;52181;2024
83;2;45309;2024
84;2;39707;2024
85;2;34807;2024
86;2;30416;2024
87;2;26243;2024
88;2;22131;2024
89;2;18202;2024
90;2;15505;2024
91;2;13501;2024
92;2;10961;2024
93;2;8702;2024
94;2;6671;2024
95;2;4882;2024
96;2;3527;2024
97;2;2487;2024
98;2;1691;2024
99;2;1108;2024
100;2;1855;2024
0;1;216699;2025
1;1;221072;2025
2;1;230373;2025
3;1;244269;2025
4;1;258907;2025
5;1;283758;2025
6;1;315148;2025
7;1;335993;2025
8;1;345201;2025
9;1;357781;2025
10;1;374099;2025
11;1;374429;2025
12;1;365858;2025
13;1;364445;2025
14;1;366539;2025
15;1;366328;2025
16;1;365812;2025
17;1;357348;2025
18;1;349468;2025
19;1;353913;2025
20;1;360325;2025
21;1;358596;2025
22;1;354476;2025
23;1;354626;2025
24;1;352737;2025
25;1;351954;2025
26;1;351609;2025
27;1;350767;2025
28;1;350175;2025
29;1;349649;2025
30;1;349351;2025
31;1;349375;2025
32;1;350132;2025
33;1;349972;2025
34;1;347840;2025
35;1;344696;2025
36;1;340604;2025
37;1;335729;2025
38;1;330376;2025
39;1;325440;2025
40;1;320301;2025
41;1;315867;2025
42;1;315272;2025
43;1;318354;2025
44;1;322421;2025
45;1;326439;2025
46;1;328419;2025
47;1;324390;2025
48;1;314276;2025
49;1;302160;2025
50;1;290298;2025
51;1;278743;2025
52;1;268623;2025
53;1;260189;2025
54;1;252152;2025
55;1;243664;2025
56;1;235841;2025
57;1;230037;2025
58;1;226222;2025
59;1;223206;2025
60;1;220309;2025
61;1;217322;2025
62;1;213708;2025
63;1;209387;2025
64;1;204856;2025
65;1;200335;2025
66;1;195761;2025
67;1;191274;2025
68;1;186829;2025
69;1;182178;2025
70;1;177183;2025
71;1;171526;2025
72;1;165382;2025
73;1;159371;2025
74;1;153020;2025
75;1;147492;2025
76;1;142365;2025
77;1;135061;2025
78;1;126294;2025
79;1;117246;2025
80;1;108087;2025
81;1;99926;2025
82;1;92865;2025
83;1;85084;2025
84;1;77289;2025
85;1;70447;2025
86;1;63812;2025
87;1;57372;2025
88;1;51220;2025
89;1;45177;2025
90;1;39112;2025
91;1;34321;2025
92;1;30301;2025
93;1;25527;2025
94;1;20926;2025
95;1;16579;2025
96;1;12422;2025
97;1;8920;2025
98;1;6212;2025
99;1;4184;2025
100;1;7245;2025
0;2;227377;2025
1;2;231925;2025
2;2;240975;2025
3;2;254855;2025
4;2;270642;2025
5;2;295842;2025
6;2;329132;2025
7;2;351123;2025
8;2;362543;2025
9;2;378342;2025
10;2;395476;2025
11;2;396466;2025
12;2;388723;2025
13;2;387869;2025
14;2;388561;2025
15;2;386124;2025
16;2;384296;2025
17;2;378341;2025
18;2;372360;2025
19;2;372915;2025
20;2;374976;2025
21;2;371928;2025
22;2;367254;2025
23;2;366608;2025
24;2;363776;2025
25;2;362557;2025
26;2;361933;2025
27;2;360797;2025
28;2;359854;2025
29;2;358913;2025
30;2;358131;2025
31;2;357659;2025
32;2;357734;2025
33;2;356744;2025
34;2;353845;2025
35;2;349944;2025
36;2;345093;2025
37;2;339442;2025
38;2;333273;2025
39;2;327476;2025
40;2;321395;2025
41;2;315980;2025
42;2;314491;2025
43;2;316816;2025
44;2;320061;2025
45;2;323136;2025
46;2;324142;2025
47;2;319069;2025
48;2;307879;2025
49;2;294715;2025
50;2;281843;2025
51;2;269292;2025
52;2;258151;2025
53;2;248635;2025
54;2;239452;2025
55;2;229775;2025
56;2;220727;2025
57;2;213647;2025
58;2;208502;2025
59;2;204131;2025
60;2;199861;2025
61;2;195480;2025
62;2;190455;2025
63;2;184703;2025
64;2;178684;2025
65;2;172596;2025
66;2;166428;2025
67;2;160319;2025
68;2;154239;2025
69;2;148047;2025
70;2;141865;2025
71;2;135580;2025
72;2;129130;2025
73;2;122896;2025
74;2;116431;2025
75;2;110638;2025
76;2;104844;2025
77;2;96898;2025
78;2;87768;2025
79;2;78552;2025
80;2;69475;2025
81;2;61414;2025
82;2;54590;2025
83;2;47585;2025
84;2;40983;2025
85;2;35603;2025
86;2;30915;2025
87;2;26740;2025
88;2;22818;2025
89;2;19016;2025
90;2;15442;2025
91;2;12977;2025
92;2;11141;2025
93;2;8910;2025
94;2;6963;2025
95;2;5250;2025
96;2;3774;2025
97;2;2675;2025
98;2;1848;2025
99;2;1230;2025
100;2;2002;2025
0;1;212606;2026
1;1;216684;2026
2;1;221093;2026
3;1;230413;2026
4;1;244330;2026
5;1;258985;2026
6;1;283851;2026
7;1;315253;2026
8;1;336104;2026
9;1;345313;2026
10;1;357892;2026
11;1;374208;2026
12;1;374548;2026
13;1;366004;2026
14;1;364636;2026
15;1;366788;2026
16;1;366630;2026
17;1;366134;2026
18;1;357646;2026
19;1;349699;2026
20;1;354055;2026
21;1;360374;2026
22;1;358536;2026
23;1;354291;2026
24;1;354305;2026
25;1;352267;2026
26;1;351348;2026
27;1;350918;2026
28;1;350064;2026
29;1;349514;2026
30;1;349047;2026
31;1;348797;2026
32;1;348864;2026
33;1;349647;2026
34;1;349500;2026
35;1;347390;2026
36;1;344273;2026
37;1;340197;2026
38;1;335317;2026
39;1;329948;2026
40;1;324989;2026
41;1;319829;2026
42;1;315375;2026
43;1;314758;2026
44;1;317813;2026
45;1;321846;2026
46;1;325824;2026
47;1;327762;2026
48;1;323697;2026
49;1;313555;2026
50;1;301415;2026
51;1;289525;2026
52;1;277940;2026
53;1;267783;2026
54;1;259303;2026
55;1;251214;2026
56;1;242669;2026
57;1;234780;2026
58;1;228891;2026
59;1;224971;2026
60;1;221837;2026
61;1;218813;2026
62;1;215691;2026
63;1;211934;2026
64;1;207465;2026
65;1;202778;2026
66;1;198088;2026
67;1;193339;2026
68;1;188668;2026
69;1;184028;2026
70;1;179171;2026
71;1;173961;2026
72;1;168090;2026
73;1;161732;2026
74;1;155492;2026
75;1;148904;2026
76;1;143110;2026
77;1;137692;2026
78;1;130161;2026
79;1;121231;2026
80;1;112029;2026
81;1;102757;2026
82;1;94470;2026
83;1;87255;2026
84;1;79400;2026
85;1;71583;2026
86;1;64702;2026
87;1;58065;2026
88;1;51671;2026
89;1;45612;2026
90;1;39741;2026
91;1;33959;2026
92;1;29390;2026
93;1;25578;2026
94;1;21230;2026
95;1;17133;2026
96;1;13351;2026
97;1;9826;2026
98;1;6920;2026
99;1;4719;2026
100;1;8028;2026
0;2;223061;2026
1;2;227333;2026
2;2;231941;2026
3;2;241022;2026
4;2;254924;2026
5;2;270729;2026
6;2;295940;2026
7;2;329235;2026
8;2;351227;2026
9;2;362641;2026
10;2;378425;2026
11;2;395538;2026
12;2;396511;2026
13;2;388762;2026
14;2;387908;2026
15;2;388599;2026
16;2;386149;2026
17;2;384282;2026
18;2;378263;2026
19;2;372202;2026
20;2;372677;2026
21;2;374659;2026
22;2;371531;2026
23;2;366766;2026
24;2;366017;2026
25;2;363077;2026
26;2;361759;2026
27;2;361071;2026
28;2;359921;2026
29;2;359000;2026
30;2;358089;2026
31;2;357333;2026
32;2;356894;2026
33;2;357005;2026
34;2;356052;2026
35;2;353194;2026
36;2;349333;2026
37;2;344502;2026
38;2;338843;2026
39;2;332647;2026
40;2;326816;2026
41;2;320702;2026
42;2;315252;2026
43;2;313719;2026
44;2;315988;2026
45;2;319166;2026
46;2;322161;2026
47;2;323085;2026
48;2;317941;2026
49;2;306696;2026
50;2;293484;2026
51;2;280563;2026
52;2;267955;2026
53;2;256745;2026
54;2;247142;2026
55;2;237863;2026
56;2;228091;2026
57;2;218940;2026
58;2;211736;2026
59;2;206443;2026
60;2;201907;2026
61;2;197461;2026
62;2;192891;2026
63;2;187674;2026
64;2;181730;2026
65;2;175515;2026
66;2;169227;2026
67;2;162860;2026
68;2;156550;2026
69;2;150270;2026
70;2;143880;2026
71;2;137498;2026
72;2;131016;2026
73;2;124376;2026
74;2;117949;2026
75;2;111308;2026
76;2;105321;2026
77;2;99345;2026
78;2;91358;2026
79;2;82303;2026
80;2;73230;2026
81;2;64353;2026
82;2;56494;2026
83;2;49844;2026
84;2;43101;2026
85;2;36801;2026
86;2;31671;2026
87;2;27224;2026
88;2;23291;2026
89;2;19643;2026
90;2;16165;2026
91;2;12953;2026
92;2;10732;2026
93;2;9077;2026
94;2;7147;2026
95;2;5493;2026
96;2;4069;2026
97;2;2870;2026
98;2;1993;2026
99;2;1347;2026
100;2;2189;2026
0;1;209468;2027
1;1;212611;2027
2;1;216722;2027
3;1;221152;2027
4;1;230491;2027
5;1;244424;2027
6;1;259094;2027
7;1;283970;2027
8;1;315375;2027
9;1;336226;2027
10;1;345434;2027
11;1;358011;2027
12;1;374334;2027
13;1;374699;2027
14;1;366199;2027
15;1;364890;2027
16;1;367094;2027
17;1;366957;2027
18;1;366439;2027
19;1;357889;2027
20;1;349866;2027
21;1;354136;2027
22;1;360352;2027
23;1;358399;2027
24;1;354031;2027
25;1;353909;2027
26;1;351747;2027
27;1;350748;2027
28;1;350305;2027
29;1;349488;2027
30;1;348990;2027
31;1;348563;2027
32;1;348349;2027
33;1;348436;2027
34;1;349227;2027
35;1;349095;2027
36;1;347006;2027
37;1;343899;2027
38;1;339815;2027
39;1;334916;2027
40;1;329522;2027
41;1;324541;2027
42;1;319361;2027
43;1;314888;2027
44;1;314248;2027
45;1;317270;2027
46;1;321263;2027
47;1;325195;2027
48;1;327083;2027
49;1;322975;2027
50;1;312800;2027
51;1;300630;2027
52;1;288708;2027
53;1;277088;2027
54;1;266889;2027
55;1;258356;2027
56;1;250206;2027
57;1;241595;2027
58;1;233629;2027
59;1;227647;2027
60;1;223615;2027
61;1;220357;2027
62;1;217199;2027
63;1;213930;2027
64;1;210020;2027
65;1;205393;2027
66;1;200539;2027
67;1;195674;2027
68;1;190743;2027
69;1;185879;2027
70;1;181031;2027
71;1;175955;2027
72;1;170519;2027
73;1;164423;2027
74;1;157841;2027
75;1;151357;2027
76;1;144529;2027
77;1;138462;2027
78;1;132747;2027
79;1;124993;2027
80;1;115885;2027
81;1;106552;2027
82;1;97195;2027
83;1;88812;2027
84;1;81475;2027
85;1;73588;2027
86;1;65793;2027
87;1;58922;2027
88;1;52341;2027
89;1;46059;2027
90;1;40167;2027
91;1;34545;2027
92;1;29118;2027
93;1;24843;2027
94;1;21303;2027
95;1;17409;2027
96;1;13820;2027
97;1;10579;2027
98;1;7637;2027
99;1;5267;2027
100;1;8967;2027
0;2;219745;2027
1;2;223041;2027
2;2;227368;2027
3;2;232006;2027
4;2;241108;2027
5;2;255026;2027
6;2;270841;2027
7;2;296058;2027
8;2;329351;2027
9;2;351336;2027
10;2;362736;2027
11;2;378501;2027
12;2;395595;2027
13;2;396561;2027
14;2;388813;2027
15;2;387959;2027
16;2;388637;2027
17;2;386150;2027
18;2;384221;2027
19;2;378126;2027
20;2;371995;2027
21;2;372400;2027
22;2;374304;2027
23;2;371091;2027
24;2;366237;2027
25;2;365387;2027
26;2;362359;2027
27;2;360985;2027
28;2;360282;2027
29;2;359151;2027
30;2;358256;2027
31;2;357367;2027
32;2;356640;2027
33;2;356233;2027
34;2;356374;2027
35;2;355453;2027
36;2;352628;2027
37;2;348778;2027
38;2;343936;2027
39;2;338248;2027
40;2;332018;2027
41;2;326153;2027
42;2;320003;2027
43;2;314515;2027
44;2;312935;2027
45;2;315139;2027
46;2;318238;2027
47;2;321145;2027
48;2;321979;2027
49;2;316757;2027
50;2;305451;2027
51;2;292185;2027
52;2;279204;2027
53;2;266529;2027
54;2;255238;2027
55;2;245539;2027
56;2;236157;2027
57;2;226283;2027
58;2;217023;2027
59;2;209689;2027
60;2;204240;2027
61;2;199531;2027
62;2;194897;2027
63;2;190129;2027
64;2;184712;2027
65;2;178570;2027
66;2;172154;2027
67;2;165666;2027
68;2;159102;2027
69;2;152593;2027
70;2;146113;2027
71;2;139526;2027
72;2;132946;2027
73;2;126272;2027
74;2;119450;2027
75;2;112842;2027
76;2;106044;2027
77;2;99883;2027
78;2;93751;2027
79;2;85755;2027
80;2;76806;2027
81;2;67905;2027
82;2;59268;2027
83;2;51648;2027
84;2;45209;2027
85;2;38759;2027
86;2;32788;2027
87;2;27936;2027
88;2;23755;2027
89;2;20087;2027
90;2;16731;2027
91;2;13587;2027
92;2;10735;2027
93;2;8763;2027
94;2;7298;2027
95;2;5652;2027
96;2;4268;2027
97;2;3103;2027
98;2;2144;2027
99;2;1457;2027
100;2;2400;2027
0;1;208346;2028
1;1;209484;2028
2;1;212657;2028
3;1;216788;2028
4;1;221237;2028
5;1;230593;2028
6;1;244539;2028
7;1;259219;2028
8;1;284098;2028
9;1;315502;2028
10;1;336350;2028
11;1;345557;2028
12;1;358141;2028
13;1;374486;2028
14;1;374893;2028
15;1;366452;2028
16;1;365194;2028
17;1;367419;2028
18;1;367263;2028
19;1;366683;2028
20;1;358063;2028
21;1;349962;2028
22;1;354136;2028
23;1;360239;2028
24;1;358171;2028
25;1;353675;2028
26;1;353434;2028
27;1;351197;2028
28;1;350186;2028
29;1;349776;2028
30;1;349005;2028
31;1;348544;2028
32;1;348149;2028
33;1;347953;2028
34;1;348045;2028
35;1;348848;2028
36;1;348733;2028
37;1;346650;2028
38;1;343533;2028
39;1;339427;2028
40;1;334503;2028
41;1;329086;2028
42;1;324083;2028
43;1;318884;2028
44;1;314393;2028
45;1;313726;2028
46;1;316710;2028
47;1;320657;2028
48;1;324536;2028
49;1;326367;2028
50;1;322210;2028
51;1;311998;2028
52;1;299794;2028
53;1;287834;2028
54;1;276174;2028
55;1;265926;2028
56;1;257331;2028
57;1;249111;2028
58;1;240426;2028
59;1;232376;2028
60;1;226294;2028
61;1;222144;2028
62;1;218753;2028
63;1;215450;2028
64;1;212024;2028
65;1;207950;2028
66;1;203156;2028
67;1;198127;2028
68;1;193080;2028
69;1;187957;2028
70;1;182887;2028
71;1;177819;2028
72;1;172512;2028
73;1;166840;2028
74;1;160510;2028
75;1;153686;2028
76;1;146954;2028
77;1;139881;2028
78;1;133538;2028
79;1;127526;2028
80;1;119531;2028
81;1;110269;2028
82;1;100835;2028
83;1;91424;2028
84;1;82980;2028
85;1;75561;2028
86;1;67685;2028
87;1;59964;2028
88;1;53161;2028
89;1;46702;2028
90;1;40603;2028
91;1;34955;2028
92;1;29658;2028
93;1;24647;2028
94;1;20721;2028
95;1;17496;2028
96;1;14065;2028
97;1;10969;2028
98;1;8237;2028
99;1;5824;2028
100;1;10030;2028
0;2;218557;2028
1;2;219740;2028
2;2;223085;2028
3;2;227440;2028
4;2;232100;2028
5;2;241217;2028
6;2;255145;2028
7;2;270966;2028
8;2;296182;2028
9;2;329466;2028
10;2;351437;2028
11;2;362819;2028
12;2;378567;2028
13;2;395650;2028
14;2;396615;2028
15;2;388870;2028
16;2;388004;2028
17;2;388644;2028
18;2;386099;2028
19;2;384093;2028
20;2;377930;2028
21;2;371740;2028
22;2;372072;2028
23;2;373891;2028
24;2;370592;2028
25;2;365648;2028
26;2;364715;2028
27;2;361634;2028
28;2;360246;2028
29;2;359561;2028
30;2;358453;2028
31;2;357579;2028
32;2;356716;2028
33;2;356018;2028
34;2;355638;2028
35;2;355808;2028
36;2;354912;2028
37;2;352095;2028
38;2;348232;2028
39;2;343359;2028
40;2;337635;2028
41;2;331370;2028
42;2;325468;2028
43;2;319282;2028
44;2;313755;2028
45;2;312119;2028
46;2;314248;2028
47;2;317260;2028
48;2;320072;2028
49;2;320808;2028
50;2;315501;2028
51;2;304128;2028
52;2;290799;2028
53;2;277747;2028
54;2;264995;2028
55;2;253613;2028
56;2;243811;2028
57;2;234321;2028
58;2;224339;2028
59;2;214963;2028
60;2;207493;2028
61;2;201880;2028
62;2;196987;2028
63;2;192157;2028
64;2;187182;2028
65;2;181556;2028
66;2;175211;2028
67;2;168595;2028
68;2;161909;2028
69;2;155148;2028
70;2;148442;2028
71;2;141765;2028
72;2;134982;2028
73;2;128208;2028
74;2;121349;2028
75;2;114359;2028
76;2;107587;2028
77;2;100652;2028
78;2;94342;2028
79;2;88085;2028
80;2;80107;2028
81;2;71297;2028
82;2;62611;2028
83;2;54251;2028
84;2;46907;2028
85;2;40712;2028
86;2;34586;2028
87;2;28968;2028
88;2;24418;2028
89;2;20524;2028
90;2;17142;2028
91;2;14091;2028
92;2;11285;2028
93;2;8787;2028
94;2;7062;2028
95;2;5785;2028
96;2;4403;2028
97;2;3262;2028
98;2;2324;2028
99;2;1572;2028
100;2;2624;2028
0;1;208815;2029
1;1;208366;2029
2;1;209532;2029
3;1;212724;2029
4;1;216874;2029
5;1;221340;2029
6;1;230709;2029
7;1;244664;2029
8;1;259349;2029
9;1;284227;2029
10;1;315626;2029
11;1;336473;2029
12;1;345687;2029
13;1;358293;2029
14;1;374676;2029
15;1;375137;2029
16;1;366749;2029
17;1;365513;2029
18;1;367718;2029
19;1;367503;2029
20;1;366851;2029
21;1;358156;2029
22;1;349968;2029
23;1;354033;2029
24;1;360021;2029
25;1;357829;2029
26;1;353222;2029
27;1;352907;2029
28;1;350657;2029
29;1;349678;2029
30;1;349312;2029
31;1;348576;2029
32;1;348144;2029
33;1;347766;2029
34;1;347575;2029
35;1;347679;2029
36;1;348496;2029
37;1;348384;2029
38;1;346290;2029
39;1;343150;2029
40;1;339017;2029
41;1;334069;2029
42;1;328630;2029
43;1;323607;2029
44;1;318391;2029
45;1;313880;2029
46;1;313182;2029
47;1;316122;2029
48;1;320017;2029
49;1;323835;2029
50;1;325602;2029
51;1;321390;2029
52;1;311137;2029
53;1;298894;2029
54;1;286892;2029
55;1;275185;2029
56;1;264881;2029
57;1;256217;2029
58;1;247917;2029
59;1;239149;2029
60;1;231009;2029
61;1;224821;2029
62;1;220545;2029
63;1;217012;2029
64;1;213552;2029
65;1;209959;2029
66;1;205711;2029
67;1;200740;2029
68;1;195530;2029
69;1;190291;2029
70;1;184965;2029
71;1;179677;2029
72;1;174376;2029
73;1;168829;2029
74;1;162910;2029
75;1;156328;2029
76;1;149260;2029
77;1;142274;2029
78;1;134954;2029
79;1;128335;2029
80;1;122003;2029
81;1;113789;2029
82;1;104404;2029
83;1;94899;2029
84;1;85471;2029
85;1;77006;2029
86;1;69550;2029
87;1;61738;2029
88;1;54148;2029
89;1;47479;2029
90;1;41214;2029
91;1;35376;2029
92;1;30047;2029
93;1;25138;2029
94;1;20587;2029
95;1;17043;2029
96;1;14158;2029
97;1;11183;2029
98;1;8556;2029
99;1;6293;2029
100;1;11189;2029
0;2;219036;2029
1;2;218556;2029
2;2;219786;2029
3;2;223159;2029
4;2;227536;2029
5;2;232210;2029
6;2;241337;2029
7;2;255271;2029
8;2;271092;2029
9;2;296300;2029
10;2;329569;2029
11;2;351521;2029
12;2;362888;2029
13;2;378626;2029
14;2;395705;2029
15;2;396669;2029
16;2;388915;2029
17;2;388013;2029
18;2;388593;2029
19;2;385974;2029
20;2;383898;2029
21;2;377677;2029
22;2;371424;2029
23;2;371676;2029
24;2;373406;2029
25;2;370018;2029
26;2;364999;2029
27;2;364012;2029
28;2;360921;2029
29;2;359550;2029
30;2;358886;2029
31;2;357798;2029
32;2;356949;2029
33;2;356115;2029
34;2;355442;2029
35;2;355090;2029
36;2;355282;2029
37;2;354392;2029
38;2;351559;2029
39;2;347664;2029
40;2;342753;2029
41;2;336993;2029
42;2;330692;2029
43;2;324752;2029
44;2;318527;2029
45;2;312954;2029
46;2;311255;2029
47;2;313302;2029
48;2;316221;2029
49;2;318930;2029
50;2;319558;2029
51;2;314158;2029
52;2;302710;2029
53;2;289308;2029
54;2;276175;2029
55;2;263337;2029
56;2;251859;2029
57;2;241948;2029
58;2;232341;2029
59;2;222247;2029
60;2;212751;2029
61;2;205136;2029
62;2;199350;2029
63;2;194265;2029
64;2;189229;2029
65;2;184038;2029
66;2;178200;2029
67;2;171650;2029
68;2;164835;2029
69;2;157953;2029
70;2;150998;2029
71;2;144096;2029
72;2;137221;2029
73;2;130248;2029
74;2;123287;2029
75;2;116256;2029
76;2;109115;2029
77;2;102198;2029
78;2;95150;2029
79;2;88722;2029
80;2;82365;2029
81;2;74440;2029
82;2;65814;2029
83;2;57382;2029
84;2;49336;2029
85;2;42300;2029
86;2;36381;2029
87;2;30605;2029
88;2;25362;2029
89;2;21135;2029
90;2;17548;2029
91;2;14466;2029
92;2;11728;2029
93;2;9256;2029
94;2;7097;2029
95;2;5611;2029
96;2;4517;2029
97;2;3374;2029
98;2;2450;2029
99;2;1708;2029
100;2;2860;2029
0;1;210614;2030
1;1;208834;2030
2;1;208410;2030
3;1;209595;2030
4;1;212807;2030
5;1;216973;2030
6;1;221453;2030
7;1;230831;2030
8;1;244791;2030
9;1;259475;2030
10;1;284349;2030
11;1;315747;2030
12;1;336599;2030
13;1;345835;2030
14;1;358480;2030
15;1;374911;2030
16;1;375420;2030
17;1;367055;2030
18;1;365800;2030
19;1;367947;2030
20;1;367661;2030
21;1;366934;2030
22;1;358154;2030
23;1;349866;2030
24;1;353819;2030
25;1;359683;2030
26;1;357380;2030
27;1;352703;2030
28;1;352375;2030
29;1;350157;2030
30;1;349221;2030
31;1;348889;2030
32;1;348182;2030
33;1;347766;2030
34;1;347393;2030
35;1;347213;2030
36;1;347332;2030
37;1;348150;2030
38;1;348025;2030
39;1;345906;2030
40;1;342739;2030
41;1;338582;2030
42;1;333611;2030
43;1;328152;2030
44;1;323111;2030
45;1;317875;2030
46;1;313340;2030
47;1;312605;2030
48;1;315496;2030
49;1;319331;2030
50;1;323083;2030
51;1;324781;2030
52;1;320509;2030
53;1;310209;2030
54;1;297921;2030
55;1;285871;2030
56;1;274111;2030
57;1;263742;2030
58;1;254998;2030
59;1;246612;2030
60;1;237756;2030
61;1;229521;2030
62;1;223220;2030
63;1;218807;2030
64;1;215121;2030
65;1;211493;2030
66;1;207721;2030
67;1;203290;2030
68;1;198136;2030
69;1;192735;2030
70;1;187294;2030
71;1;181752;2030
72;1;176233;2030
73;1;170691;2030
74;1;164891;2030
75;1;158707;2030
76;1;151869;2030
77;1;144552;2030
78;1;137309;2030
79;1;129744;2030
80;1;122826;2030
81;1;116193;2030
82;1;107789;2030
83;1;98310;2030
84;1;88772;2030
85;1;79370;2030
86;1;70931;2030
87;1;63489;2030
88;1;55799;2030
89;1;48407;2030
90;1;41943;2030
91;1;35949;2030
92;1;30447;2030
93;1;25502;2030
94;1;21027;2030
95;1;16959;2030
96;1;13813;2030
97;1;11276;2030
98;1;8739;2030
99;1;6549;2030
100;1;12358;2030
0;2;220912;2030
1;2;219035;2030
2;2;218600;2030
3;2;219857;2030
4;2;223251;2030
5;2;227642;2030
6;2;232327;2030
7;2;241460;2030
8;2;255394;2030
9;2;271208;2030
10;2;296403;2030
11;2;329652;2030
12;2;351588;2030
13;2;362947;2030
14;2;378681;2030
15;2;395754;2030
16;2;396705;2030
17;2;388919;2030
18;2;387959;2030
19;2;388465;2030
20;2;385778;2030
21;2;383641;2030
22;2;377358;2030
23;2;371032;2030
24;2;371201;2030
25;2;372839;2030
26;2;369376;2030
27;2;364308;2030
28;2;363309;2030
29;2;360237;2030
30;2;358888;2030
31;2;358243;2030
32;2;357180;2030
33;2;356357;2030
34;2;355549;2030
35;2;354904;2030
36;2;354574;2030
37;2;354770;2030
38;2;353861;2030
39;2;350995;2030
40;2;347061;2030
41;2;342114;2030
42;2;336317;2030
43;2;329978;2030
44;2;323998;2030
45;2;317729;2030
46;2;312102;2030
47;2;310333;2030
48;2;312293;2030
49;2;315111;2030
50;2;317708;2030
51;2;318222;2030
52;2;312717;2030
53;2;301183;2030
54;2;287697;2030
55;2;274476;2030
56;2;261545;2030
57;2;249965;2030
58;2;239937;2030
59;2;230209;2030
60;2;219997;2030
61;2;210375;2030
62;2;202609;2030
63;2;196642;2030
64;2;191355;2030
65;2;186104;2030
66;2;180691;2030
67;2;174638;2030
68;2;167885;2030
69;2;160872;2030
70;2;153793;2030
71;2;146645;2030
72;2;139549;2030
73;2;132482;2030
74;2;125325;2030
75;2;118192;2030
76;2;111004;2030
77;2;103730;2030
78;2;96694;2030
79;2;89564;2030
80;2;83041;2030
81;2;76617;2030
82;2;68791;2030
83;2;60389;2030
84;2;52249;2030
85;2;44551;2030
86;2;37856;2030
87;2;32243;2030
88;2;26840;2030
89;2;21991;2030
90;2;18104;2030
91;2;14838;2030
92;2;12065;2030
93;2;9640;2030
94;2;7493;2030
95;2;5652;2030
96;2;4391;2030
97;2;3469;2030
98;2;2540;2030
99;2;1805;2030
100;2;3120;2030
0;1;213795;2031
1;1;210628;2031
2;1;208872;2031
3;1;208468;2031
4;1;209672;2031
5;1;212900;2031
6;1;217079;2031
7;1;221569;2031
8;1;230952;2031
9;1;244912;2031
10;1;259593;2031
11;1;284466;2031
12;1;315868;2031
13;1;336740;2031
14;1;346014;2031
15;1;358706;2031
16;1;375179;2031
17;1;375708;2031
18;1;367326;2031
19;1;366015;2031
20;1;368092;2031
21;1;367733;2031
22;1;366921;2031
23;1;358043;2031
24;1;349652;2031
25;1;353486;2031
26;1;359239;2031
27;1;356868;2031
28;1;352180;2031
29;1;351881;2031
30;1;349705;2031
31;1;348803;2031
32;1;348497;2031
33;1;347807;2031
34;1;347397;2031
35;1;347034;2031
36;1;346868;2031
37;1;346988;2031
38;1;347792;2031
39;1;347642;2031
40;1;345495;2031
41;1;342301;2031
42;1;338120;2031
43;1;333129;2031
44;1;327653;2031
45;1;322591;2031
46;1;317332;2031
47;1;312767;2031
48;1;311991;2031
49;1;314826;2031
50;1;318596;2031
51;1;322275;2031
52;1;323896;2031
53;1;319558;2031
54;1;309204;2031
55;1;296866;2031
56;1;284762;2031
57;1;272940;2031
58;1;262496;2031
59;1;253666;2031
60;1;245188;2031
61;1;236239;2031
62;1;227902;2031
63;1;221479;2031
64;1;216920;2031
65;1;213068;2031
66;1;209263;2031
67;1;205302;2031
68;1;200682;2031
69;1;195335;2031
70;1;189731;2031
71;1;184073;2031
72;1;178303;2031
73;1;172546;2031
74;1;166748;2031
75;1;160678;2031
76;1;154224;2031
77;1;147123;2031
78;1;139555;2031
79;1;132057;2031
80;1;124225;2031
81;1;117029;2031
82;1;110119;2031
83;1;101552;2031
84;1;92017;2031
85;1;82489;2031
86;1;73161;2031
87;1;64800;2031
88;1;57430;2031
89;1;49930;2031
90;1;42808;2031
91;1;36627;2031
92;1;30978;2031
93;1;25875;2031
94;1;21361;2031
95;1;17347;2031
96;1;13767;2031
97;1;11020;2031
98;1;8826;2031
99;1;6701;2031
100;1;13386;2031
0;2;224260;2031
1;2;220908;2031
2;2;219073;2031
3;2;218665;2031
4;2;219943;2031
5;2;223351;2031
6;2;227753;2031
7;2;232444;2031
8;2;241578;2031
9;2;255505;2031
10;2;271308;2031
11;2;296485;2031
12;2;329717;2031
13;2;351644;2031
14;2;363001;2031
15;2;378731;2031
16;2;395783;2031
17;2;396697;2031
18;2;388858;2031
19;2;387826;2031
20;2;388262;2031
21;2;385517;2031
22;2;383315;2031
23;2;376963;2031
24;2;370563;2031
25;2;370644;2031
26;2;372203;2031
27;2;368692;2031
28;2;363617;2031
29;2;362635;2031
30;2;359586;2031
31;2;358256;2031
32;2;357635;2031
33;2;356598;2031
34;2;355800;2031
35;2;355018;2031
36;2;354395;2031
37;2;354069;2031
38;2;354246;2031
39;2;353302;2031
40;2;350396;2031
41;2;346424;2031
42;2;341438;2031
43;2;335604;2031
44;2;329226;2031
45;2;323200;2031
46;2;316878;2031
47;2;311194;2031
48;2;309350;2031
49;2;311215;2031
50;2;313925;2031
51;2;316401;2031
52;2;316786;2031
53;2;311165;2031
54;2;299532;2031
55;2;285954;2031
56;2;272637;2031
57;2;259608;2031
58;2;247921;2031
59;2;237770;2031
60;2;227916;2031
61;2;217580;2031
62;2;207827;2031
63;2;199901;2031
64;2;193744;2031
65;2;188246;2031
66;2;182774;2031
67;2;177138;2031
68;2;170869;2031
69;2;163913;2031
70;2;156703;2031
71;2;149430;2031
72;2;142090;2031
73;2;134803;2031
74;2;127551;2031
75;2;120224;2031
76;2;112932;2031
77;2;105608;2031
78;2;98225;2031
79;2;91098;2031
80;2;83909;2031
81;2;77324;2031
82;2;70880;2031
83;2;63195;2031
84;2;55056;2031
85;2;47245;2031
86;2;39928;2031
87;2;33602;2031
88;2;28323;2031
89;2;23313;2031
90;2;18872;2031
91;2;15338;2031
92;2;12400;2031
93;2;9938;2031
94;2;7821;2031
95;2;5981;2031
96;2;4434;2031
97;2;3381;2031
98;2;2618;2031
99;2;1876;2031
100;2;3370;2031
0;1;217057;2032
1;1;213803;2032
2;1;210659;2032
3;1;208924;2032
4;1;208539;2032
5;1;209759;2032
6;1;212998;2032
7;1;217188;2032
8;1;221682;2032
9;1;231066;2032
10;1;245024;2032
11;1;259705;2032
12;1;284584;2032
13;1;316003;2032
14;1;336908;2032
15;1;346227;2032
16;1;358960;2032
17;1;375447;2032
18;1;375956;2032
19;1;367522;2032
20;1;366146;2032
21;1;368153;2032
22;1;367712;2032
23;1;366802;2032
24;1;357826;2032
25;1;349326;2032
26;1;353054;2032
27;1;358738;2032
28;1;356355;2032
29;1;351698;2032
30;1;351439;2032
31;1;349295;2032
32;1;348419;2032
33;1;348128;2032
34;1;347442;2032
35;1;347041;2032
36;1;346692;2032
37;1;346527;2032
38;1;346633;2032
39;1;347412;2032
40;1;347232;2032
41;1;345058;2032
42;1;341839;2032
43;1;337637;2032
44;1;332626;2032
45;1;327129;2032
46;1;322042;2032
47;1;316754;2032
48;1;312156;2032
49;1;311333;2032
50;1;314107;2032
51;1;317805;2032
52;1;321404;2032
53;1;322941;2032
54;1;318529;2032
55;1;308115;2032
56;1;295720;2032
57;1;283552;2032
58;1;271660;2032
59;1;261136;2032
60;1;252214;2032
61;1;243638;2032
62;1;234589;2032
63;1;226143;2032
64;1;219588;2032
65;1;214872;2032
66;1;210846;2032
67;1;206853;2032
68;1;202696;2032
69;1;197874;2032
70;1;192321;2032
71;1;186502;2032
72;1;180617;2032
73;1;174610;2032
74;1;168600;2032
75;1;162530;2032
76;1;156184;2032
77;1;149451;2032
78;1;142085;2032
79;1;134265;2032
80;1;126490;2032
81;1;118414;2032
82;1;110964;2032
83;1;103803;2032
84;1;95107;2032
85;1;85559;2032
86;1;76090;2032
87;1;66890;2032
88;1;58667;2032
89;1;51438;2032
90;1;44200;2032
91;1;37424;2032
92;1;31600;2032
93;1;26361;2032
94;1;21704;2032
95;1;17650;2032
96;1;14105;2032
97;1;11002;2032
98;1;8641;2032
99;1;6781;2032
100;1;14244;2032
0;2;227683;2032
1;2;224251;2032
2;2;220939;2032
3;2;219131;2032
4;2;218745;2032
5;2;220037;2032
6;2;223455;2032
7;2;227862;2032
8;2;232554;2032
9;2;241683;2032
10;2;255599;2032
11;2;271387;2032
12;2;296550;2032
13;2;329771;2032
14;2;351694;2032
15;2;363048;2032
16;2;378759;2032
17;2;395767;2032
18;2;396622;2032
19;2;388718;2032
20;2;387621;2032
21;2;387997;2032
22;2;385190;2032
23;2;382918;2032
24;2;376494;2032
25;2;370018;2032
26;2;370024;2032
27;2;371533;2032
28;2;368012;2032
29;2;362958;2032
30;2;361997;2032
31;2;358967;2032
32;2;357661;2032
33;2;357065;2032
34;2;356052;2032
35;2;355279;2032
36;2;354518;2032
37;2;353898;2032
38;2;353554;2032
39;2;353695;2032
40;2;352710;2032
41;2;349766;2032
42;2;345754;2032
43;2;340728;2032
44;2;334853;2032
45;2;328429;2032
46;2;322350;2032
47;2;315972;2032
48;2;310225;2032
49;2;308300;2032
50;2;310062;2032
51;2;312654;2032
52;2;314997;2032
53;2;315238;2032
54;2;309486;2032
55;2;297745;2032
56;2;284068;2032
57;2;270650;2032
58;2;257519;2032
59;2;245718;2032
60;2;235440;2032
61;2;225453;2032
62;2;214987;2032
63;2;205095;2032
64;2;197004;2032
65;2;190649;2032
66;2;184934;2032
67;2;179239;2032
68;2;173377;2032
69;2;166891;2032
70;2;159733;2032
71;2;152326;2032
72;2;144860;2032
73;2;137332;2032
74;2;129863;2032
75;2;122438;2032
76;2;114954;2032
77;2;107523;2032
78;2;100085;2032
79;2;92622;2032
80;2;85426;2032
81;2;78211;2032
82;2;71611;2032
83;2;65188;2032
84;2;57685;2032
85;2;49849;2032
86;2;42402;2032
87;2;35494;2032
88;2;29563;2032
89;2;24642;2032
90;2;20042;2032
91;2;16018;2032
92;2;12843;2032
93;2;10235;2032
94;2;8080;2032
95;2;6257;2032
96;2;4703;2032
97;2;3422;2032
98;2;2558;2032
99;2;1939;2032
100;2;3598;2032
0;1;220336;2033
1;1;217060;2033
2;1;213827;2033
3;1;210705;2033
4;1;208988;2033
5;1;208618;2033
6;1;209850;2033
7;1;213099;2033
8;1;217293;2033
9;1;221789;2033
10;1;231172;2033
11;1;245130;2033
12;1;259817;2033
13;1;284713;2033
14;1;316161;2033
15;1;337107;2033
16;1;346465;2033
17;1;359211;2033
18;1;375674;2033
19;1;376131;2033
20;1;367638;2033
21;1;366196;2033
22;1;368122;2033
23;1;367590;2033
24;1;366584;2033
25;1;357505;2033
26;1;348909;2033
27;1;352573;2033
28;1;358241;2033
29;1;355885;2033
30;1;351268;2033
31;1;351037;2033
32;1;348919;2033
33;1;348057;2033
34;1;347769;2033
35;1;347092;2033
36;1;346703;2033
37;1;346354;2033
38;1;346175;2033
39;1;346257;2033
40;1;347006;2033
41;1;346797;2033
42;1;344596;2033
43;1;341355;2033
44;1;337132;2033
45;1;332098;2033
46;1;326576;2033
47;1;321460;2033
48;1;316140;2033
49;1;311503;2033
50;1;310628;2033
51;1;313333;2033
52;1;316953;2033
53;1;320463;2033
54;1;321908;2033
55;1;317413;2033
56;1;306932;2033
57;1;294472;2033
58;1;282233;2033
59;1;270264;2033
60;1;259654;2033
61;1;250634;2033
62;1;241953;2033
63;1;232796;2033
64;1;224232;2033
65;1;217537;2033
66;1;212655;2033
67;1;208445;2033
68;1;204256;2033
69;1;199891;2033
70;1;194855;2033
71;1;189083;2033
72;1;183037;2033
73;1;176914;2033
74;1;170658;2033
75;1;164378;2033
76;1;158029;2033
77;1;151397;2033
78;1;144381;2033
79;1;136749;2033
80;1;128657;2033
81;1;120625;2033
82;1;112332;2033
83;1;104654;2033
84;1;97271;2033
85;1;88488;2033
86;1;78977;2033
87;1;69621;2033
88;1;60611;2033
89;1;52595;2033
90;1;45582;2033
91;1;38685;2033
92;1;32327;2033
93;1;26925;2033
94;1;22142;2033
95;1;17959;2033
96;1;14373;2033
97;1;11290;2033
98;1;8642;2033
99;1;6651;2033
100;1;14931;2033
0;2;231114;2033
1;2;227669;2033
2;2;224274;2033
3;2;220990;2033
4;2;219203;2033
5;2;218831;2033
6;2;220133;2033
7;2;223556;2033
8;2;227965;2033
9;2;232654;2033
10;2;241772;2033
11;2;255674;2033
12;2;271450;2033
13;2;296604;2033
14;2;329820;2033
15;2;351736;2033
16;2;363074;2033
17;2;378743;2033
18;2;395685;2033
19;2;396470;2033
20;2;388509;2033
21;2;387354;2033
22;2;387668;2033
23;2;384794;2033
24;2;382451;2033
25;2;375955;2033
26;2;369415;2033
27;2;369375;2033
28;2;370870;2033
29;2;367367;2033
30;2;362337;2033
31;2;361392;2033
32;2;358388;2033
33;2;357106;2033
34;2;356531;2033
35;2;355541;2033
36;2;354789;2033
37;2;354030;2033
38;2;353392;2033
39;2;353014;2033
40;2;353113;2033
41;2;352087;2033
42;2;349102;2033
43;2;345048;2033
44;2;339980;2033
45;2;334058;2033
46;2;327582;2033
47;2;321445;2033
48;2;315006;2033
49;2;309189;2033
50;2;307177;2033
51;2;308828;2033
52;2;311289;2033
53;2;313483;2033
54;2;313565;2033
55;2;307669;2033
56;2;295813;2033
57;2;282031;2033
58;2;268507;2033
59;2;255268;2033
60;2;243350;2033
61;2;232938;2033
62;2;222811;2033
63;2;212209;2033
64;2;202172;2033
65;2;193909;2033
66;2;187350;2033
67;2;181416;2033
68;2;175495;2033
69;2;169406;2033
70;2;162703;2033
71;2;155342;2033
72;2;147740;2033
73;2;140084;2033
74;2;132376;2033
75;2;124735;2033
76;2;117152;2033
77;2;109529;2033
78;2;101981;2033
79;2;94457;2033
80;2;86935;2033
81;2;79703;2033
82;2;72509;2033
83;2;65935;2033
84;2;59577;2033
85;2;52298;2033
86;2;44801;2033
87;2;37749;2033
88;2;31278;2033
89;2;25764;2033
90;2;21222;2033
91;2;17043;2033
92;2;13439;2033
93;2;10622;2033
94;2;8339;2033
95;2;6478;2033
96;2;4931;2033
97;2;3638;2033
98;2;2595;2033
99;2;1899;2033
100;2;3804;2033
0;1;223534;2034
1;1;220334;2034
2;1;217077;2034
3;1;213866;2034
4;1;210762;2034
5;1;209060;2034
6;1;208703;2034
7;1;209944;2034
8;1;213198;2034
9;1;217392;2034
10;1;221888;2034
11;1;231271;2034
12;1;245235;2034
13;1;259940;2034
14;1;284864;2034
15;1;316349;2034
16;1;337328;2034
17;1;346700;2034
18;1;359425;2034
19;1;375832;2034
20;1;376229;2034
21;1;367676;2034
22;1;366159;2034
23;1;367999;2034
24;1;367374;2034
25;1;366267;2034
26;1;357099;2034
27;1;348447;2034
28;1;352097;2034
29;1;357785;2034
30;1;355465;2034
31;1;350878;2034
32;1;350669;2034
33;1;348564;2034
34;1;347706;2034
35;1;347425;2034
36;1;346758;2034
37;1;346369;2034
38;1;346006;2034
39;1;345804;2034
40;1;345857;2034
41;1;346576;2034
42;1;346338;2034
43;1;344113;2034
44;1;340849;2034
45;1;336602;2034
46;1;331542;2034
47;1;325990;2034
48;1;320841;2034
49;1;315482;2034
50;1;310802;2034
51;1;309869;2034
52;1;312500;2034
53;1;316033;2034
54;1;319446;2034
55;1;320789;2034
56;1;316203;2034
57;1;305645;2034
58;1;293112;2034
59;1;280795;2034
60;1;268744;2034
61;1;258043;2034
62;1;248917;2034
63;1;240123;2034
64;1;230851;2034
65;1;222162;2034
66;1;215318;2034
67;1;210260;2034
68;1;205856;2034
69;1;201459;2034
70;1;196874;2034
71;1;191608;2034
72;1;185607;2034
73;1;179322;2034
74;1;172950;2034
75;1;166426;2034
76;1;159869;2034
77;1;153233;2034
78;1;146310;2034
79;1;139009;2034
80;1;131089;2034
81;1;122744;2034
82;1;114483;2034
83;1;105999;2034
84;1;98125;2034
85;1;90559;2034
86;1;81738;2034
87;1;72318;2034
88;1;63139;2034
89;1;54388;2034
90;1;46654;2034
91;1;39937;2034
92;1;33457;2034
93;1;27580;2034
94;1;22648;2034
95;1;18349;2034
96;1;14648;2034
97;1;11523;2034
98;1;8884;2034
99;1;6664;2034
100;1;15350;2034
0;2;234471;2034
1;2;231094;2034
2;2;227685;2034
3;2;224317;2034
4;2;221054;2034
5;2;219282;2034
6;2;218919;2034
7;2;220227;2034
8;2;223653;2034
9;2;228057;2034
10;2;232737;2034
11;2;241843;2034
12;2;255733;2034
13;2;271503;2034
14;2;296654;2034
15;2;329861;2034
16;2;351759;2034
17;2;363059;2034
18;2;378666;2034
19;2;395529;2034
20;2;396250;2034
21;2;388240;2034
22;2;387028;2034
23;2;387276;2034
24;2;384335;2034
25;2;381919;2034
26;2;375363;2034
27;2;368786;2034
28;2;368735;2034
29;2;370241;2034
30;2;366760;2034
31;2;361750;2034
32;2;360825;2034
33;2;357845;2034
34;2;356585;2034
35;2;356032;2034
36;2;355060;2034
37;2;354310;2034
38;2;353533;2034
39;2;352863;2034
40;2;352445;2034
41;2;352502;2034
42;2;351431;2034
43;2;348404;2034
44;2;344306;2034
45;2;339189;2034
46;2;333213;2034
47;2;326679;2034
48;2;320480;2034
49;2;313973;2034
50;2;308082;2034
51;2;305974;2034
52;2;307502;2034
53;2;309817;2034
54;2;311846;2034
55;2;311754;2034
56;2;305705;2034
57;2;293726;2034
58;2;279833;2034
59;2;266198;2034
60;2;252848;2034
61;2;240806;2034
62;2;230254;2034
63;2;219979;2034
64;2;209236;2034
65;2;199049;2034
66;2;190610;2034
67;2;183844;2034
68;2;177688;2034
69;2;171540;2034
70;2;165222;2034
71;2;158302;2034
72;2;150738;2034
73;2;142945;2034
74;2;135106;2034
75;2;127228;2034
76;2;119430;2034
77;2;111704;2034
78;2;103966;2034
79;2;96328;2034
80;2;88738;2034
81;2;81190;2034
82;2;73969;2034
83;2;66837;2034
84;2;60331;2034
85;2;54081;2034
86;2;47065;2034
87;2;39942;2034
88;2;33316;2034
89;2;27303;2034
90;2;22226;2034
91;2;18079;2034
92;2;14326;2034
93;2;11138;2034
94;2;8672;2034
95;2;6700;2034
96;2;5116;2034
97;2;3823;2034
98;2;2765;2034
99;2;1931;2034
100;2;3926;2034
0;1;226547;2035
1;1;223527;2035
2;1;220344;2035
3;1;217109;2035
4;1;213917;2035
5;1;210828;2035
6;1;209138;2035
7;1;208790;2035
8;1;210036;2035
9;1;213291;2035
10;1;217485;2035
11;1;221981;2035
12;1;231371;2035
13;1;245352;2035
14;1;260086;2035
15;1;285046;2035
16;1;316561;2035
17;1;337548;2035
18;1;346900;2035
19;1;359574;2035
20;1;375919;2035
21;1;376255;2035
22;1;367634;2035
23;1;366036;2035
24;1;367786;2035
25;1;367066;2035
26;1;365870;2035
27;1;356648;2035
28;1;347989;2035
29;1;351659;2035
30;1;357377;2035
31;1;355083;2035
32;1;350519;2035
33;1;350321;2035
34;1;348220;2035
35;1;347367;2035
36;1;347096;2035
37;1;346428;2035
38;1;346025;2035
39;1;345639;2035
40;1;345409;2035
41;1;345434;2035
42;1;346122;2035
43;1;345857;2035
44;1;343608;2035
45;1;340318;2035
46;1;336042;2035
47;1;330952;2035
48;1;325366;2035
49;1;320178;2035
50;1;314777;2035
51;1;310049;2035
52;1;309052;2035
53;1;311601;2035
54;1;315039;2035
55;1;318346;2035
56;1;319576;2035
57;1;314887;2035
58;1;304245;2035
59;1;291630;2035
60;1;279230;2035
61;1;267093;2035
62;1;256294;2035
63;1;247055;2035
64;1;238139;2035
65;1;228744;2035
66;1;219920;2035
67;1;212919;2035
68;1;207677;2035
69;1;203069;2035
70;1;198451;2035
71;1;193628;2035
72;1;188123;2035
73;1;181880;2035
74;1;175345;2035
75;1;168705;2035
76;1;161906;2035
77;1;155064;2035
78;1;148132;2035
79;1;140916;2035
80;1;133308;2035
81;1;125118;2035
82;1;116549;2035
83;1;108085;2035
84;1;99443;2035
85;1;91411;2035
86;1;83708;2035
87;1;74903;2035
88;1;65640;2035
89;1;56708;2035
90;1;48293;2035
91;1;40922;2035
92;1;34581;2035
93;1;28580;2035
94;1;23230;2035
95;1;18795;2035
96;1;14988;2035
97;1;11763;2035
98;1;9083;2035
99;1;6862;2035
100;1;15681;2035
0;2;237631;2035
1;2;234447;2035
2;2;231104;2035
3;2;227722;2035
4;2;224375;2035
5;2;221127;2035
6;2;219364;2035
7;2;219007;2035
8;2;220317;2035
9;2;223738;2035
10;2;228135;2035
11;2;232804;2035
12;2;241900;2035
13;2;255785;2035
14;2;271555;2035
15;2;296700;2035
16;2;329886;2035
17;2;351743;2035
18;2;362986;2035
19;2;378520;2035
20;2;395308;2035
21;2;395974;2035
22;2;387916;2035
23;2;386643;2035
24;2;386823;2035
25;2;383814;2035
26;2;381337;2035
27;2;374746;2035
28;2;368164;2035
29;2;368126;2035
30;2;369648;2035
31;2;366186;2035
32;2;361199;2035
33;2;360295;2035
34;2;357337;2035
35;2;356097;2035
36;2;355561;2035
37;2;354590;2035
38;2;353822;2035
39;2;353014;2035
40;2;352304;2035
41;2;351847;2035
42;2;351859;2035
43;2;350743;2035
44;2;347669;2035
45;2;343519;2035
46;2;338346;2035
47;2;332311;2035
48;2;325715;2035
49;2;319448;2035
50;2;312868;2035
51;2;306897;2035
52;2;304683;2035
53;2;306072;2035
54;2;308226;2035
55;2;310074;2035
56;2;309795;2035
57;2;303583;2035
58;2;291474;2035
59;2;277467;2035
60;2;263716;2035
61;2;250249;2035
62;2;238078;2035
63;2;227376;2035
64;2;216949;2035
65;2;206058;2035
66;2;195719;2035
67;2;187101;2035
68;2;180128;2035
69;2;173749;2035
70;2;167372;2035
71;2;160823;2035
72;2;153683;2035
73;2;145920;2035
74;2;137942;2035
75;2;129931;2035
76;2;121897;2035
77;2;113958;2035
78;2;106112;2035
79;2;98284;2035
80;2;90576;2035
81;2;82952;2035
82;2;75426;2035
83;2;68257;2035
84;2;61228;2035
85;2;54833;2035
86;2;48734;2035
87;2;42020;2035
88;2;35304;2035
89;2;29128;2035
90;2;23594;2035
91;2;18968;2035
92;2;15225;2035
93;2;11896;2035
94;2;9111;2035
95;2;6982;2035
96;2;5303;2035
97;2;3976;2035
98;2;2913;2035
99;2;2063;2035
100;2;4039;2035
0;1;229250;2036
1;1;226537;2036
2;1;223533;2036
3;1;220371;2036
4;1;217155;2036
5;1;213979;2036
6;1;210902;2036
7;1;209221;2036
8;1;208878;2036
9;1;210126;2036
10;1;213379;2036
11;1;217574;2036
12;1;222077;2036
13;1;231484;2036
14;1;245492;2036
15;1;260263;2036
16;1;285254;2036
17;1;316774;2036
18;1;337739;2036
19;1;347043;2036
20;1;359658;2036
21;1;375939;2036
22;1;376206;2036
23;1;367510;2036
24;1;365827;2036
25;1;367484;2036
26;1;366678;2036
27;1;365427;2036
28;1;356198;2036
29;1;347565;2036
30;1;351263;2036
31;1;357001;2036
32;1;354729;2036
33;1;350177;2036
34;1;349981;2036
35;1;347886;2036
36;1;347042;2036
37;1;346769;2036
38;1;346088;2036
39;1;345661;2036
40;1;345248;2036
41;1;344991;2036
42;1;344987;2036
43;1;345648;2036
44;1;345355;2036
45;1;343078;2036
46;1;339757;2036
47;1;335449;2036
48;1;330323;2036
49;1;324700;2036
50;1;319468;2036
51;1;314020;2036
52;1;309238;2036
53;1;308171;2036
54;1;310631;2036
55;1;313965;2036
56;1;317154;2036
57;1;318259;2036
58;1;313458;2036
59;1;302722;2036
60;1;290021;2036
61;1;277531;2036
62;1;265302;2036
63;1;254396;2036
64;1;245036;2036
65;1;235988;2036
66;1;226461;2036
67;1;217498;2036
68;1;210332;2036
69;1;204895;2036
70;1;200068;2036
71;1;195214;2036
72;1;190142;2036
73;1;184383;2036
74;1;177886;2036
75;1;171084;2036
76;1;164169;2036
77;1;157087;2036
78;1;149951;2036
79;1;142722;2036
80;1;135189;2036
81;1;127289;2036
82;1;118859;2036
83;1;110092;2036
84;1;101457;2036
85;1;92697;2036
86;1;84553;2036
87;1;76766;2036
88;1;68042;2036
89;1;59008;2036
90;1;50404;2036
91;1;42406;2036
92;1;35475;2036
93;1;29578;2036
94;1;24106;2036
95;1;19306;2036
96;1;15376;2036
97;1;12056;2036
98;1;9288;2036
99;1;7029;2036
100;1;16081;2036
0;2;240467;2036
1;2;237605;2036
2;2;234453;2036
3;2;231136;2036
4;2;227774;2036
5;2;224442;2036
6;2;221204;2036
7;2;219447;2036
8;2;219093;2036
9;2;220399;2036
10;2;223812;2036
11;2;228198;2036
12;2;232859;2036
13;2;241951;2036
14;2;255837;2036
15;2;271605;2036
16;2;296735;2036
17;2;329878;2036
18;2;351674;2036
19;2;362850;2036
20;2;378314;2036
21;2;395035;2036
22;2;395647;2036
23;2;387536;2036
24;2;386199;2036
25;2;386311;2036
26;2;383244;2036
27;2;380729;2036
28;2;374134;2036
29;2;367571;2036
30;2;367550;2036
31;2;369084;2036
32;2;365643;2036
33;2;360680;2036
34;2;359795;2036
35;2;356859;2036
36;2;355635;2036
37;2;355099;2036
38;2;354111;2036
39;2;353311;2036
40;2;352465;2036
41;2;351718;2036
42;2;351217;2036
43;2;351183;2036
44;2;350017;2036
45;2;346890;2036
46;2;342682;2036
47;2;337448;2036
48;2;331348;2036
49;2;324684;2036
50;2;318343;2036
51;2;311685;2036
52;2;305623;2036
53;2;303291;2036
54;2;304526;2036
55;2;306504;2036
56;2;308158;2036
57;2;307680;2036
58;2;301294;2036
59;2;289050;2036
60;2;274922;2036
61;2;261050;2036
62;2;247461;2036
63;2;235153;2036
64;2;224296;2036
65;2;213708;2036
66;2;202668;2036
67;2;192177;2036
68;2;183381;2036
69;2;176199;2036
70;2;169595;2036
71;2;162985;2036
72;2;156203;2036
73;2;148846;2036
74;2;140891;2036
75;2;132739;2036
76;2;124568;2036
77;2;116394;2036
78;2;108335;2036
79;2;100395;2036
80;2;92496;2036
81;2;84749;2036
82;2;77140;2036
83;2;69676;2036
84;2;62601;2036
85;2;55717;2036
86;2;49477;2036
87;2;43571;2036
88;2;37196;2036
89;2;30915;2036
90;2;25213;2036
91;2;20171;2036
92;2;16004;2036
93;2;12667;2036
94;2;9751;2036
95;2;7351;2036
96;2;5538;2036
97;2;4130;2036
98;2;3036;2036
99;2;2177;2036
100;2;4217;2036
0;1;231521;2037
1;1;229239;2037
2;1;226540;2037
3;1;223557;2037
4;1;220414;2037
5;1;217214;2037
6;1;214049;2037
7;1;210982;2037
8;1;209305;2037
9;1;208964;2037
10;1;210211;2037
11;1;213466;2037
12;1;217667;2037
13;1;222187;2037
14;1;231622;2037
15;1;245666;2037
16;1;260469;2037
17;1;285468;2037
18;1;316964;2037
19;1;337879;2037
20;1;347127;2037
21;1;359680;2037
22;1;375888;2037
23;1;376079;2037
24;1;367303;2037
25;1;365530;2037
26;1;367103;2037
27;1;366243;2037
28;1;364981;2037
29;1;355777;2037
30;1;347179;2037
31;1;350898;2037
32;1;356651;2037
33;1;354389;2037
34;1;349841;2037
35;1;349650;2037
36;1;347564;2037
37;1;346719;2037
38;1;346432;2037
39;1;345727;2037
40;1;345274;2037
41;1;344834;2037
42;1;344550;2037
43;1;344519;2037
44;1;345150;2037
45;1;344827;2037
46;1;342518;2037
47;1;339163;2037
48;1;334818;2037
49;1;329653;2037
50;1;323987;2037
51;1;318706;2037
52;1;313207;2037
53;1;308366;2037
54;1;307222;2037
55;1;309583;2037
56;1;312802;2037
57;1;315860;2037
58;1;316828;2037
59;1;311904;2037
60;1;301068;2037
61;1;288276;2037
62;1;275690;2037
63;1;263359;2037
64;1;252339;2037
65;1;242847;2037
66;1;233659;2037
67;1;223994;2037
68;1;214884;2037
69;1;207545;2037
70;1;201899;2037
71;1;196839;2037
72;1;191736;2037
73;1;186401;2037
74;1;180376;2037
75;1;173607;2037
76;1;166530;2037
77;1;159329;2037
78;1;151957;2037
79;1;144526;2037
80;1;136974;2037
81;1;129140;2037
82;1;120977;2037
83;1;112331;2037
84;1;103399;2037
85;1;94633;2037
86;1;85801;2037
87;1;77599;2037
88;1;69791;2037
89;1;61223;2037
90;1;52500;2037
91;1;44307;2037
92;1;36805;2037
93;1;30381;2037
94;1;24980;2037
95;1;20062;2037
96;1;15818;2037
97;1;12387;2037
98;1;9535;2037
99;1;7200;2037
100;1;16510;2037
0;2;242862;2037
1;2;240440;2037
2;2;237607;2037
3;2;234481;2037
4;2;231186;2037
5;2;227838;2037
6;2;224516;2037
7;2;221284;2037
8;2;219530;2037
9;2;219172;2037
10;2;220471;2037
11;2;223874;2037
12;2;228252;2037
13;2;232910;2037
14;2;242004;2037
15;2;255890;2037
16;2;271648;2037
17;2;296743;2037
18;2;329823;2037
19;2;351547;2037
20;2;362660;2037
21;2;378061;2037
22;2;394714;2037
23;2;395265;2037
24;2;387099;2037
25;2;385696;2037
26;2;385749;2037
27;2;382647;2037
28;2;380123;2037
29;2;373547;2037
30;2;367007;2037
31;2;366999;2037
32;2;368549;2037
33;2;365130;2037
34;2;360190;2037
35;2;359323;2037
36;2;356403;2037
37;2;355181;2037
38;2;354627;2037
39;2;353610;2037
40;2;352773;2037
41;2;351889;2037
42;2;351100;2037
43;2;350553;2037
44;2;350469;2037
45;2;349247;2037
46;2;346059;2037
47;2;341787;2037
48;2;336487;2037
49;2;330317;2037
50;2;323581;2037
51;2;317159;2037
52;2;310414;2037
53;2;304250;2037
54;2;301785;2037
55;2;302854;2037
56;2;304643;2037
57;2;306089;2037
58;2;305399;2037
59;2;298828;2037
60;2;286443;2037
61;2;272190;2037
62;2;258190;2037
63;2;244472;2037
64;2;232021;2037
65;2;221002;2037
66;2;210251;2037
67;2;199060;2037
68;2;188418;2037
69;2;179445;2037
70;2;172053;2037
71;2;165219;2037
72;2;158376;2037
73;2;151363;2037
74;2;143794;2037
75;2;135656;2037
76;2;127341;2037
77;2;119027;2037
78;2;110734;2037
79;2;102581;2037
80;2;94564;2037
81;2;86625;2037
82;2;78888;2037
83;2;71334;2037
84;2;63974;2037
85;2;57035;2037
86;2;50339;2037
87;2;44295;2037
88;2;38624;2037
89;2;32622;2037
90;2;26804;2037
91;2;21592;2037
92;2;17049;2037
93;2;13340;2037
94;2;10403;2037
95;2;7883;2037
96;2;5843;2037
97;2;4322;2037
98;2;3160;2037
99;2;2275;2037
100;2;4426;2037
0;1;233275;2038
1;1;231510;2038
2;1;229239;2038
3;1;226562;2038
4;1;223598;2038
5;1;220470;2038
6;1;217282;2038
7;1;214126;2038
8;1;211064;2038
9;1;209389;2038
10;1;209047;2038
11;1;210295;2038
12;1;213556;2038
13;1;217775;2038
14;1;222323;2038
15;1;231795;2038
16;1;245870;2038
17;1;260684;2038
18;1;285661;2038
19;1;317106;2038
20;1;337962;2038
21;1;347151;2038
22;1;359634;2038
23;1;375760;2038
24;1;375871;2038
25;1;367009;2038
26;1;365156;2038
27;1;366675;2038
28;1;365803;2038
29;1;364561;2038
30;1;355392;2038
31;1;346821;2038
32;1;350556;2038
33;1;356314;2038
34;1;354054;2038
35;1;349514;2038
36;1;349329;2038
37;1;347243;2038
38;1;346385;2038
39;1;346076;2038
40;1;345345;2038
41;1;344865;2038
42;1;344398;2038
43;1;344087;2038
44;1;344028;2038
45;1;344629;2038
46;1;344271;2038
47;1;341925;2038
48;1;338532;2038
49;1;334144;2038
50;1;328936;2038
51;1;323222;2038
52;1;317889;2038
53;1;312332;2038
54;1;307426;2038
55;1;306197;2038
56;1;308448;2038
57;1;311540;2038
58;1;314455;2038
59;1;315274;2038
60;1;310219;2038
61;1;299275;2038
62;1;286383;2038
63;1;273693;2038
64;1;261253;2038
65;1;250111;2038
66;1;240477;2038
67;1;231142;2038
68;1;221332;2038
69;1;212067;2038
70;1;204542;2038
71;1;198675;2038
72;1;193369;2038
73;1;188002;2038
74;1;182391;2038
75;1;176081;2038
76;1;169031;2038
77;1;161668;2038
78;1;154176;2038
79;1;146510;2038
80;1;138759;2038
81;1;130899;2038
82;1;122792;2038
83;1;114390;2038
84;1;105560;2038
85;1;96503;2038
86;1;87651;2038
87;1;78802;2038
88;1;70606;2038
89;1;62852;2038
90;1;54523;2038
91;1;46199;2038
92;1;38499;2038
93;1;31559;2038
94;1;25693;2038
95;1;20819;2038
96;1;16462;2038
97;1;12763;2038
98;1;9813;2038
99;1;7405;2038
100;1;16963;2038
0;2;244720;2038
1;2;242836;2038
2;2;240441;2038
3;2;237634;2038
4;2;234529;2038
5;2;231247;2038
6;2;227909;2038
7;2;224594;2038
8;2;221365;2038
9;2;219607;2038
10;2;219242;2038
11;2;220531;2038
12;2;223926;2038
13;2;228301;2038
14;2;232963;2038
15;2;242060;2038
16;2;255937;2038
17;2;271668;2038
18;2;296710;2038
19;2;329713;2038
20;2;351369;2038
21;2;362424;2038
22;2;377760;2038
23;2;394339;2038
24;2;394829;2038
25;2;386604;2038
26;2;385145;2038
27;2;385160;2038
28;2;382050;2038
29;2;379542;2038
30;2;372987;2038
31;2;366467;2038
32;2;366476;2038
33;2;368043;2038
34;2;364644;2038
35;2;359725;2038
36;2;358873;2038
37;2;355956;2038
38;2;354718;2038
39;2;354134;2038
40;2;353081;2038
41;2;352206;2038
42;2;351281;2038
43;2;350447;2038
44;2;349853;2038
45;2;349711;2038
46;2;348426;2038
47;2;345172;2038
48;2;340832;2038
49;2;335459;2038
50;2;329214;2038
51;2;322398;2038
52;2;315887;2038
53;2;309042;2038
54;2;302765;2038
55;2;300155;2038
56;2;301046;2038
57;2;302632;2038
58;2;303857;2038
59;2;302942;2038
60;2;296178;2038
61;2;283644;2038
62;2;269258;2038
63;2;255123;2038
64;2;241270;2038
65;2;228669;2038
66;2;217485;2038
67;2;206569;2038
68;2;195230;2038
69;2;184439;2038
70;2;175289;2038
71;2;167683;2038
72;2;160619;2038
73;2;153543;2038
74;2;146302;2038
75;2;138530;2038
76;2;130222;2038
77;2;121760;2038
78;2;113322;2038
79;2;104935;2038
80;2;96704;2038
81;2;88641;2038
82;2;80713;2038
83;2;73027;2038
84;2;65569;2038
85;2;58355;2038
86;2;51595;2038
87;2;45128;2038
88;2;39322;2038
89;2;33926;2038
90;2;28328;2038
91;2;22993;2038
92;2;18282;2038
93;2;14237;2038
94;2;10976;2038
95;2;8426;2038
96;2;6279;2038
97;2;4569;2038
98;2;3315;2038
99;2;2373;2038
100;2;4647;2038
0;1;234463;2039
1;1;233263;2039
2;1;231508;2039
3;1;229259;2039
4;1;226600;2039
5;1;223651;2039
6;1;220536;2039
7;1;217356;2039
8;1;214205;2039
9;1;211144;2039
10;1;209470;2039
11;1;209129;2039
12;1;210383;2039
13;1;213661;2039
14;1;217907;2039
15;1;222493;2039
16;1;231995;2039
17;1;246082;2039
18;1;260878;2039
19;1;285807;2039
20;1;317191;2039
21;1;337986;2039
22;1;347108;2039
23;1;359513;2039
24;1;375555;2039
25;1;375578;2039
26;1;366641;2039
27;1;364736;2039
28;1;366243;2039
29;1;365391;2039
30;1;364178;2039
31;1;355035;2039
32;1;346486;2039
33;1;350228;2039
34;1;355983;2039
35;1;353729;2039
36;1;349198;2039
37;1;349011;2039
38;1;346914;2039
39;1;346033;2039
40;1;345697;2039
41;1;344940;2039
42;1;344434;2039
43;1;343940;2039
44;1;343603;2039
45;1;343513;2039
46;1;344078;2039
47;1;343681;2039
48;1;341294;2039
49;1;337857;2039
50;1;333424;2039
51;1;328166;2039
52;1;322401;2039
53;1;317009;2039
54;1;311389;2039
55;1;306410;2039
56;1;305087;2039
57;1;307218;2039
58;1;310170;2039
59;1;312930;2039
60;1;313588;2039
61;1;308391;2039
62;1;297333;2039
63;1;284332;2039
64;1;271529;2039
65;1;258971;2039
66;1;247697;2039
67;1;237914;2039
68;1;228425;2039
69;1;218462;2039
70;1;209032;2039
71;1;201310;2039
72;1;195209;2039
73;1;189642;2039
74;1;183997;2039
75;1;178091;2039
76;1;171485;2039
77;1;164144;2039
78;1;156490;2039
79;1;148702;2039
80;1;140717;2039
81;1;132659;2039
82;1;124522;2039
83;1;116165;2039
84;1;107555;2039
85;1;98579;2039
86;1;89443;2039
87;1;80561;2039
88;1;71759;2039
89;1;63642;2039
90;1;56029;2039
91;1;48030;2039
92;1;40189;2039
93;1;33053;2039
94;1;26724;2039
95;1;21443;2039
96;1;17108;2039
97;1;13303;2039
98;1;10128;2039
99;1;7634;2039
100;1;17457;2039
0;2;245975;2039
1;2;244694;2039
2;2;242835;2039
3;2;240465;2039
4;2;237678;2039
5;2;234587;2039
6;2;231316;2039
7;2;227984;2039
8;2;224670;2039
9;2;221439;2039
10;2;219674;2039
11;2;219300;2039
12;2;220582;2039
13;2;223974;2039
14;2;228353;2039
15;2;233020;2039
16;2;242111;2039
17;2;255964;2039
18;2;271651;2039
19;2;296626;2039
20;2;329554;2039
21;2;351146;2039
22;2;362141;2039
23;2;377407;2039
24;2;393911;2039
25;2;394337;2039
26;2;386063;2039
27;2;384568;2039
28;2;384573;2039
29;2;381478;2039
30;2;378987;2039
31;2;372452;2039
32;2;365955;2039
33;2;365981;2039
34;2;367562;2039
35;2;364183;2039
36;2;359283;2039
37;2;358431;2039
38;2;355501;2039
39;2;354233;2039
40;2;353614;2039
41;2;352523;2039
42;2;351608;2039
43;2;350640;2039
44;2;349760;2039
45;2;349110;2039
46;2;348903;2039
47;2;347548;2039
48;2;344224;2039
49;2;339808;2039
50;2;334357;2039
51;2;328031;2039
52;2;321127;2039
53;2;314515;2039
54;2;307559;2039
55;2;301158;2039
56;2;298394;2039
57;2;299092;2039
58;2;300462;2039
59;2;301454;2039
60;2;300299;2039
61;2;293332;2039
62;2;280639;2039
63;2;266113;2039
64;2;251838;2039
65;2;237843;2039
66;2;225091;2039
67;2;213738;2039
68;2;202659;2039
69;2;191174;2039
70;2;180235;2039
71;2;170906;2039
72;2;163087;2039
73;2;155792;2039
74;2;148487;2039
75;2;141027;2039
76;2;133063;2039
77;2;124597;2039
78;2;116007;2039
79;2;107471;2039
80;2;99005;2039
81;2;90727;2039
82;2;82669;2039
83;2;74791;2039
84;2;67198;2039
85;2;59880;2039
86;2;52855;2039
87;2;46315;2039
88;2;40118;2039
89;2;34590;2039
90;2;29506;2039
91;2;24341;2039
92;2;19502;2039
93;2;15295;2039
94;2;11737;2039
95;2;8908;2039
96;2;6725;2039
97;2;4921;2039
98;2;3512;2039
99;2;2494;2039
100;2;4878;2039
0;1;235058;2040
1;1;234450;2040
2;1;233258;2040
3;1;231524;2040
4;1;229294;2040
5;1;226650;2040
6;1;223713;2040
7;1;220606;2040
8;1;217430;2040
9;1;214281;2040
10;1;211220;2040
11;1;209547;2040
12;1;209212;2040
13;1;210483;2040
14;1;213788;2040
15;1;218070;2040
16;1;222687;2040
17;1;232201;2040
18;1;246271;2040
19;1;261024;2040
20;1;285897;2040
21;1;317219;2040
22;1;337945;2040
23;1;346993;2040
24;1;359318;2040
25;1;375269;2040
26;1;375216;2040
27;1;366231;2040
28;1;364317;2040
29;1;365841;2040
30;1;365017;2040
31;1;363824;2040
32;1;354703;2040
33;1;346167;2040
34;1;349907;2040
35;1;355662;2040
36;1;353414;2040
37;1;348884;2040
38;1;348684;2040
39;1;346565;2040
40;1;345659;2040
41;1;345296;2040
42;1;344514;2040
43;1;343981;2040
44;1;343462;2040
45;1;343094;2040
46;1;342970;2040
47;1;343495;2040
48;1;343053;2040
49;1;340621;2040
50;1;337135;2040
51;1;332651;2040
52;1;327340;2040
53;1;321517;2040
54;1;316061;2040
55;1;310370;2040
56;1;305311;2040
57;1;303882;2040
58;1;305882;2040
59;1;308682;2040
60;1;311274;2040
61;1;311760;2040
62;1;306410;2040
63;1;295226;2040
64;1;282109;2040
65;1;269183;2040
66;1;256500;2040
67;1;245088;2040
68;1;235149;2040
69;1;225496;2040
70;1;215370;2040
71;1;205765;2040
72;1;197834;2040
73;1;191485;2040
74;1;185643;2040
75;1;179703;2040
76;1;173488;2040
77;1;166576;2040
78;1;158937;2040
79;1;150985;2040
80;1;142875;2040
81;1;134587;2040
82;1;126253;2040
83;1;117859;2040
84;1;109282;2040
85;1;100502;2040
86;1;91428;2040
87;1;82268;2040
88;1;73419;2040
89;1;64738;2040
90;1;56787;2040
91;1;49408;2040
92;1;41829;2040
93;1;34545;2040
94;1;28025;2040
95;1;22334;2040
96;1;17646;2040
97;1;13847;2040
98;1;10574;2040
99;1;7892;2040
100;1;18002;2040
0;2;246587;2040
1;2;245949;2040
2;2;244690;2040
3;2;242855;2040
4;2;240505;2040
5;2;237733;2040
6;2;234652;2040
7;2;231386;2040
8;2;228057;2040
9;2;224741;2040
10;2;221503;2040
11;2;219729;2040
12;2;219348;2040
13;2;220628;2040
14;2;224024;2040
15;2;228407;2040
16;2;233070;2040
17;2;242142;2040
18;2;255954;2040
19;2;271584;2040
20;2;296495;2040
21;2;329353;2040
22;2;350877;2040
23;2;361809;2040
24;2;377004;2040
25;2;393431;2040
26;2;393802;2040
27;2;385500;2040
28;2;383997;2040
29;2;384013;2040
30;2;380936;2040
31;2;378460;2040
32;2;371947;2040
33;2;365472;2040
34;2;365514;2040
35;2;367109;2040
36;2;363746;2040
37;2;358849;2040
38;2;357981;2040
39;2;355024;2040
40;2;353722;2040
41;2;353066;2040
42;2;351937;2040
43;2;350980;2040
44;2;349965;2040
45;2;349030;2040
46;2;348317;2040
47;2;348039;2040
48;2;346611;2040
49;2;343209;2040
50;2;338713;2040
51;2;333177;2040
52;2;326759;2040
53;2;319755;2040
54;2;313032;2040
55;2;305954;2040
56;2;299420;2040
57;2;296490;2040
58;2;296984;2040
59;2;298125;2040
60;2;298869;2040
61;2;297462;2040
62;2;290277;2040
63;2;277416;2040
64;2;262743;2040
65;2;248320;2040
66;2;234183;2040
67;2;221278;2040
68;2;209758;2040
69;2;198515;2040
70;2;186885;2040
71;2;175798;2040
72;2;166293;2040
73;2;158261;2040
74;2;150740;2040
75;2;143213;2040
76;2;135542;2040
77;2;127398;2040
78;2;118794;2040
79;2;110100;2040
80;2;101479;2040
81;2;92966;2040
82;2;84693;2040
83;2;76681;2040
84;2;68895;2040
85;2;61437;2040
86;2;54301;2040
87;2;47507;2040
88;2;41229;2040
89;2;35341;2040
90;2;30130;2040
91;2;25394;2040
92;2;20680;2040
93;2;16344;2040
94;2;12632;2040
95;2;9544;2040
96;2;7123;2040
97;2;5281;2040
98;2;3790;2040
99;2;2648;2040
100;2;5131;2040
